id,soc_code,title,psoc_major,psoc_label,category,employment_estimate,avg_monthly_wage_php,education_code,education_label,informal_share,ofw_share,hiring_intensity,description
ONET-11301200,11-3012.00,Administrative Services Managers,1,Managers,Management,93023,55000,3,Some college,0.05,0.01,50,"Plan, direct, or coordinate one or more administrative services of an organization, such as records and information management, mail distribution, and other office support services."
ONET-11201100,11-2011.00,Advertising and Promotions Managers,1,Managers,Management,93023,55000,4,Bachelor's degree,0.05,0.01,50,"Plan, direct, or coordinate advertising policies and programs or produce collateral materials, such as posters, contests, coupons, or giveaways, to create extra interest in the purchase of a product or service for a department, an entire organization, or on an account basis."
ONET-11904100,11-9041.00,Architectural and Engineering Managers,1,Managers,Management,93023,55000,5,Post-graduate,0.05,0.01,50,"Plan, direct, or coordinate activities in such fields as architecture and engineering or research and development in these fields."
ONET-11305103,11-3051.03,Biofuels Production Managers,1,Managers,Management,93023,55000,4,Bachelor's degree,0.05,0.01,50,"Manage biofuels production and plant operations. Collect and process information on plant production and performance, diagnose problems, and design corrective procedures."
ONET-11904101,11-9041.01,Biofuels/Biodiesel Technology and Product Development Managers,1,Managers,Management,93023,55000,4,Bachelor's degree,0.05,0.01,50,"Define, plan, or execute biofuels/biodiesel research programs that evaluate alternative feedstock and process technologies with near-term commercial potential."
ONET-11305104,11-3051.04,Biomass Power Plant Managers,1,Managers,Management,93023,55000,4,Bachelor's degree,0.05,0.01,50,"Manage operations at biomass power generation facilities. Direct work activities at plant, including supervision of operations and maintenance staff."
ONET-11919911,11-9199.11,Brownfield Redevelopment Specialists and Site Managers,1,Managers,Management,93023,55000,4,Bachelor's degree,0.05,0.01,50,Plan and direct cleanup and redevelopment of contaminated properties for reuse. Does not include properties sufficiently contaminated to qualify as Superfund sites.
ONET-11302100,11-3021.00,Computer and Information Systems Managers,1,Managers,Management,93023,55000,4,Bachelor's degree,0.05,0.01,50,"Plan, direct, or coordinate activities in such fields as electronic data processing, information systems, systems analysis, and computer programming."
ONET-11901300,11-9013.00,"Farmers, Ranchers, and Other Agricultural Managers",1,Managers,Management,139535,55000,4,Bachelor's degree,0.05,0.01,50,"Plan, direct, or coordinate the management or operation of farms, ranches, greenhouses, aquacultural operations, nurseries, timber tracts, or other agricultural establishments. May hire, train, and supervise farm workers or contract for services to carry out the day-to-day activities of the managed operation. May engage in or supervise planting, cultivating, harvesting, and financial and marketing activities."
ONET-11905100,11-9051.00,Food Service Managers,1,Managers,Management,130233,55000,2,High school/Vocational,0.05,0.01,50,"Plan, direct, or coordinate activities of an organization or department that serves food and beverages."
ONET-11202200,11-2022.00,Sales Managers,1,Managers,Management,93023,55000,4,Bachelor's degree,0.05,0.01,50,"Plan, direct, or coordinate the actual distribution or movement of a product or service to the customer. Coordinate sales distribution by establishing sales territories, quotas, and goals and establish training programs for sales representatives. Analyze sales statistics gathered by staff to determine sales potential and inventory requirements and monitor the preferences of customers."
ONET-11301301,11-3013.01,Security Managers,1,Managers,Management,93025,55000,4,Bachelor's degree,0.05,0.01,50,"Direct an organization's security functions, including physical security and safety of employees and facilities."
ONET-29114100,29-1141.00,Registered Nurses,2,Professionals,Healthcare Professionals,680000,28000,4,Bachelor's degree,0.05,0.06,50,"Assess patient health problems and needs, develop and implement nursing care plans, and maintain medical records. Administer nursing care to ill, injured, convalescent, or disabled patients. May advise patients on health maintenance and disease prevention or provide case management. Licensing or registration required."
ONET-15125200,15-1252.00,Software Developers,2,Professionals,IT and Computer,190000,43676,4,Bachelor's degree,0.1,0.06,50,"Research, design, and develop computer and network software or specialized utility programs. Analyze user needs and develop software solutions, applying principles and techniques of computer science, engineering, and mathematical analysis. Update software or enhance existing software capabilities. May work with computer hardware engineers to integrate hardware and software systems, and develop specifications and performance requirements. May maintain databases within an application area, working individually or coordinating database development as part of a team."
ONET-29114101,29-1141.01,Acute Care Nurses,2,Professionals,Healthcare Professionals,45842,28000,4,Bachelor's degree,0.05,0.06,50,"Provide advanced nursing care for patients with acute conditions such as heart attacks, respiratory distress syndrome, or shock. May care for pre- and post-operative patients or perform advanced, invasive diagnostic or therapeutic procedures."
ONET-29114102,29-1141.02,Advanced Practice Psychiatric Nurses,2,Professionals,Healthcare Professionals,45842,28000,5,Post-graduate,0.05,0.06,50,"Assess, diagnose, and treat individuals and families with mental health or substance use disorders or the potential for such disorders. Apply therapeutic activities, including the prescription of medication, per state regulations, and the administration of psychotherapy."
ONET-25104100,25-1041.00,"Agricultural Sciences Teachers, Postsecondary",2,Professionals,Education,100851,28000,5,Post-graduate,0.1,0.06,50,"Teach courses in the agricultural sciences. Includes teachers of agronomy, dairy sciences, fisheries management, horticultural sciences, poultry sciences, range management, and agricultural soil conservation. Includes both teachers primarily engaged in teaching and those who do a combination of teaching and research."
ONET-25106100,25-1061.00,"Anthropology and Archeology Teachers, Postsecondary",2,Professionals,Education,100851,28000,5,Post-graduate,0.1,0.06,50,Teach courses in anthropology or archeology. Includes both teachers primarily engaged in teaching and those who do a combination of teaching and research.
ONET-25103100,25-1031.00,"Architecture Teachers, Postsecondary",2,Professionals,Education,100851,28000,5,Post-graduate,0.1,0.06,50,"Teach courses in architecture and architectural design, such as architectural environmental design, interior architecture/design, and landscape architecture. Includes both teachers primarily engaged in teaching and those who do a combination of teaching and research."
ONET-25106200,25-1062.00,"Area, Ethnic, and Cultural Studies Teachers, Postsecondary",2,Professionals,Education,100851,28000,5,Post-graduate,0.1,0.06,50,"Teach courses pertaining to the culture and development of an area, an ethnic group, or any other group, such as Latin American studies, women's studies, or urban affairs. Includes both teachers primarily engaged in teaching and those who do a combination of teaching and research."
ONET-25112100,25-1121.00,"Art, Drama, and Music Teachers, Postsecondary",2,Professionals,Education,100851,28000,5,Post-graduate,0.1,0.06,50,"Teach courses in drama, music, and the arts including fine and applied art, such as painting and sculpture, or design and crafts. Includes both teachers primarily engaged in teaching and those who do a combination of teaching and research."
ONET-25105100,25-1051.00,"Atmospheric, Earth, Marine, and Space Sciences Teachers, Postsecondary",2,Professionals,Education,100851,28000,5,Post-graduate,0.1,0.06,50,"Teach courses in the physical sciences, except chemistry and physics. Includes both teachers primarily engaged in teaching, and those who do a combination of teaching and research."
ONET-25104200,25-1042.00,"Biological Science Teachers, Postsecondary",2,Professionals,Education,100851,28000,5,Post-graduate,0.1,0.06,50,Teach courses in biological sciences. Includes both teachers primarily engaged in teaching and those who do a combination of teaching and research.
ONET-25101100,25-1011.00,"Business Teachers, Postsecondary",2,Professionals,Education,100851,28000,5,Post-graduate,0.1,0.06,50,"Teach courses in business administration and management, such as accounting, finance, human resources, labor and industrial relations, marketing, and operations research. Includes both teachers primarily engaged in teaching and those who do a combination of teaching and research."
ONET-25202300,25-2023.00,"Career/Technical Education Teachers, Middle School",2,Professionals,Education,100851,28000,4,Bachelor's degree,0.1,0.06,50,"Teach occupational, vocational, career, or technical subjects to students at the middle, intermediate, or junior high school level."
ONET-25119400,25-1194.00,"Career/Technical Education Teachers, Postsecondary",2,Professionals,Education,100851,28000,3,Some college,0.1,0.06,50,"Teach vocational courses intended to provide occupational training below the baccalaureate level in subjects such as construction, mechanics/repair, manufacturing, transportation, or cosmetology, primarily to students who have graduated from or left high school. Teaching takes place in public or private schools whose primary business is academic or vocational education."
ONET-25203200,25-2032.00,"Career/Technical Education Teachers, Secondary School",2,Professionals,Education,100851,28000,4,Bachelor's degree,0.1,0.06,50,"Teach occupational, vocational, career, or technical subjects to students at the secondary school level."
ONET-25105200,25-1052.00,"Chemistry Teachers, Postsecondary",2,Professionals,Education,100851,28000,5,Post-graduate,0.1,0.06,50,"Teach courses pertaining to the chemical and physical properties and compositional changes of substances. Work may include providing instruction in the methods of qualitative and quantitative chemical analysis. Includes both teachers primarily engaged in teaching, and those who do a combination of teaching and research."
ONET-29114104,29-1141.04,Clinical Nurse Specialists,2,Professionals,Healthcare Professionals,45842,28000,5,Post-graduate,0.05,0.06,50,"Direct nursing staff in the provision of patient care in a clinical practice setting, such as a hospital, hospice, clinic, or home. Ensure adherence to established clinical policies, protocols, regulations, and standards."
ONET-25112200,25-1122.00,"Communications Teachers, Postsecondary",2,Professionals,Education,100851,28000,5,Post-graduate,0.1,0.06,50,"Teach courses in communications, such as organizational communications, public relations, radio/television broadcasting, and journalism. Includes both teachers primarily engaged in teaching and those who do a combination of teaching and research."
ONET-17206100,17-2061.00,Computer Hardware Engineers,2,Professionals,IT and Computer,45842,43676,4,Bachelor's degree,0.1,0.06,50,"Research, design, develop, or test computer or computer-related equipment for commercial, industrial, military, or scientific use. May supervise the manufacturing and installation of computer or computer-related equipment and components."
ONET-15124100,15-1241.00,Computer Network Architects,2,Professionals,IT and Computer,45842,43676,4,Bachelor's degree,0.1,0.06,50,"Design and implement computer and information networks, such as local area networks (LAN), wide area networks (WAN), intranets, extranets, and other data communications networks. Perform network modeling, analysis, and planning, including analysis of capacity needs for network infrastructures. May also design network and computer security measures. May research and recommend network and data communications hardware and software."
ONET-15125100,15-1251.00,Computer Programmers,2,Professionals,IT and Computer,45842,43676,4,Bachelor's degree,0.1,0.06,50,"Create, modify, and test the code and scripts that allow computer applications to run. Work from specifications drawn up by software and web developers or other individuals. May develop and write computer programs to store, locate, and retrieve specific documents, data, and information."
ONET-25102100,25-1021.00,"Computer Science Teachers, Postsecondary",2,Professionals,Education,100851,28000,5,Post-graduate,0.1,0.06,50,"Teach courses in computer science. May specialize in a field of computer science, such as the design and function of computers or operations and research analysis. Includes both teachers primarily engaged in teaching and those who do a combination of teaching and research."
ONET-15129908,15-1299.08,Computer Systems Engineers/Architects,2,Professionals,IT and Computer,45842,43676,3,Some college,0.1,0.06,50,"Design and develop solutions to complex applications problems, system administration issues, or network concerns. Perform systems management and integration functions."
ONET-25111100,25-1111.00,"Criminal Justice and Law Enforcement Teachers, Postsecondary",2,Professionals,Education,100851,28000,5,Post-graduate,0.1,0.06,50,"Teach courses in criminal justice, corrections, and law enforcement administration. Includes both teachers primarily engaged in teaching and those who do a combination of teaching and research."
ONET-29114103,29-1141.03,Critical Care Nurses,2,Professionals,Healthcare Professionals,45842,28000,4,Bachelor's degree,0.05,0.06,50,Provide specialized nursing care for patients in critical or coronary care units.
ONET-25106300,25-1063.00,"Economics Teachers, Postsecondary",2,Professionals,Education,100851,28000,5,Post-graduate,0.1,0.06,50,Teach courses in economics. Includes both teachers primarily engaged in teaching and those who do a combination of teaching and research.
ONET-25108100,25-1081.00,"Education Teachers, Postsecondary",2,Professionals,Education,100851,28000,5,Post-graduate,0.1,0.06,50,"Teach courses pertaining to education, such as counseling, curriculum, guidance, instruction, teacher education, and teaching English as a second language. Includes both teachers primarily engaged in teaching and those who do a combination of teaching and research."
ONET-17207200,17-2072.00,"Electronics Engineers, Except Computer",2,Professionals,IT and Computer,45842,43676,4,Bachelor's degree,0.1,0.06,50,"Research, design, develop, or test electronic components and systems for commercial, industrial, military, or scientific use employing knowledge of electronic theory and materials properties. Design electronic circuits and components for use in fields such as telecommunications, aerospace guidance and propulsion control, acoustics, or instruments and controls."
ONET-25202100,25-2021.00,"Elementary School Teachers, Except Special Education",2,Professionals,Education,100851,28000,4,Bachelor's degree,0.1,0.06,50,Teach academic and social skills to students at the elementary school level.
ONET-25103200,25-1032.00,"Engineering Teachers, Postsecondary",2,Professionals,Education,100851,28000,5,Post-graduate,0.1,0.06,50,"Teach courses pertaining to the application of physical laws and principles of engineering for the development of machines, materials, instruments, processes, and services. Includes teachers of subjects such as chemical, civil, electrical, industrial, mechanical, mineral, and petroleum engineering. Includes both teachers primarily engaged in teaching and those who do a combination of teaching and research."
ONET-25112300,25-1123.00,"English Language and Literature Teachers, Postsecondary",2,Professionals,Education,100851,28000,5,Post-graduate,0.1,0.06,50,"Teach courses in English language and literature, including linguistics and comparative literature. Includes both teachers primarily engaged in teaching and those who do a combination of teaching and research."
ONET-25105300,25-1053.00,"Environmental Science Teachers, Postsecondary",2,Professionals,Education,100851,28000,5,Post-graduate,0.1,0.06,50,Teach courses in environmental science. Includes both teachers primarily engaged in teaching and those who do a combination of teaching and research.
ONET-25119200,25-1192.00,"Family and Consumer Sciences Teachers, Postsecondary",2,Professionals,Education,100851,28000,5,Post-graduate,0.1,0.06,50,"Teach courses in childcare, family relations, finance, nutrition, and related subjects pertaining to home management. Includes both teachers primarily engaged in teaching and those who do a combination of teaching and research."
ONET-25112400,25-1124.00,"Foreign Language and Literature Teachers, Postsecondary",2,Professionals,Education,100851,28000,5,Post-graduate,0.1,0.06,50,Teach languages and literature courses in languages other than English. Includes teachers of American Sign Language (ASL). Includes both teachers primarily engaged in teaching and those who do a combination of teaching and research.
ONET-25104300,25-1043.00,"Forestry and Conservation Science Teachers, Postsecondary",2,Professionals,Education,100851,28000,5,Post-graduate,0.1,0.06,50,Teach courses in forestry and conservation science. Includes both teachers primarily engaged in teaching and those who do a combination of teaching and research.
ONET-25106400,25-1064.00,"Geography Teachers, Postsecondary",2,Professionals,Education,100851,28000,5,Post-graduate,0.1,0.06,50,Teach courses in geography. Includes both teachers primarily engaged in teaching and those who do a combination of teaching and research.
ONET-25107100,25-1071.00,"Health Specialties Teachers, Postsecondary",2,Professionals,Healthcare Professionals,100851,28000,5,Post-graduate,0.05,0.06,50,"Teach courses in health specialties, in fields such as dentistry, laboratory technology, medicine, pharmacy, public health, therapy, and veterinary medicine."
ONET-25112500,25-1125.00,"History Teachers, Postsecondary",2,Professionals,Education,100851,28000,5,Post-graduate,0.1,0.06,50,Teach courses in human history and historiography. Includes both teachers primarily engaged in teaching and those who do a combination of teaching and research.
ONET-25201200,25-2012.00,"Kindergarten Teachers, Except Special Education",2,Professionals,Education,100851,28000,4,Bachelor's degree,0.1,0.06,50,Teach academic and social skills to kindergarten students.
ONET-25111200,25-1112.00,"Law Teachers, Postsecondary",2,Professionals,Education,100851,28000,5,Post-graduate,0.1,0.06,50,Teach courses in law. Includes both teachers primarily engaged in teaching and those who do a combination of teaching and research.
ONET-25108200,25-1082.00,"Library Science Teachers, Postsecondary",2,Professionals,Education,100851,28000,5,Post-graduate,0.1,0.06,50,Teach courses in library science. Includes both teachers primarily engaged in teaching and those who do a combination of teaching and research.
ONET-29206100,29-2061.00,Licensed Practical and Licensed Vocational Nurses,2,Professionals,Healthcare Professionals,45842,28000,3,Some college,0.05,0.06,50,"Care for ill, injured, or convalescing patients or persons with disabilities in hospitals, nursing homes, clinics, private homes, group homes, and similar institutions. May work under the supervision of a registered nurse. Licensing required."
ONET-25202200,25-2022.00,"Middle School Teachers, Except Special and Career/Technical Education",2,Professionals,Education,100851,28000,4,Bachelor's degree,0.1,0.06,50,"Teach one or more subjects to students at the middle, intermediate, or junior high school level."
ONET-29115100,29-1151.00,Nurse Anesthetists,2,Professionals,Healthcare Professionals,45842,28000,5,Post-graduate,0.05,0.06,50,"Administer anesthesia, monitor patient's vital signs, and oversee patient recovery from anesthesia. May assist anesthesiologists, surgeons, other physicians, or dentists. Must be registered nurses who have specialized graduate education."
ONET-29116100,29-1161.00,Nurse Midwives,2,Professionals,Healthcare Professionals,45842,28000,5,Post-graduate,0.05,0.06,50,"Diagnose and coordinate all aspects of the birthing process, either independently or as part of a healthcare team. May provide well-woman gynecological care. Must have specialized, graduate nursing education."
ONET-29117100,29-1171.00,Nurse Practitioners,2,Professionals,Healthcare Professionals,45842,28000,5,Post-graduate,0.05,0.06,50,"Diagnose and treat acute, episodic, or chronic illness, independently or as part of a healthcare team. May focus on health promotion and disease prevention. May order, perform, or interpret diagnostic tests such as lab work and x rays. May prescribe medication. Must be registered nurses who have specialized graduate education."
ONET-25107200,25-1072.00,"Nursing Instructors and Teachers, Postsecondary",2,Professionals,Education,100851,28000,5,Post-graduate,0.1,0.06,50,Demonstrate and teach patient care in classroom and clinical units to nursing students. Includes both teachers primarily engaged in teaching and those who do a combination of teaching and research.
ONET-25112600,25-1126.00,"Philosophy and Religion Teachers, Postsecondary",2,Professionals,Education,100851,28000,5,Post-graduate,0.1,0.06,50,"Teach courses in philosophy, religion, and theology. Includes both teachers primarily engaged in teaching and those who do a combination of teaching and research."
ONET-25105400,25-1054.00,"Physics Teachers, Postsecondary",2,Professionals,Education,100851,28000,5,Post-graduate,0.1,0.06,50,Teach courses pertaining to the laws of matter and energy. Includes both teachers primarily engaged in teaching and those who do a combination of teaching and research.
ONET-25106500,25-1065.00,"Political Science Teachers, Postsecondary",2,Professionals,Education,100851,28000,5,Post-graduate,0.1,0.06,50,"Teach courses in political science, international affairs, and international relations. Includes both teachers primarily engaged in teaching and those who do a combination of teaching and research."
ONET-25119900,25-1199.00,"Postsecondary Teachers, All Other",2,Professionals,Education,100851,28000,3,Some college,0.1,0.06,50,All postsecondary teachers not listed separately.
ONET-25201100,25-2011.00,"Preschool Teachers, Except Special Education",2,Professionals,Education,100851,28000,3,Some college,0.1,0.06,50,"Instruct preschool-aged students, following curricula or lesson plans, in activities designed to promote social, physical, and intellectual growth."
ONET-25106600,25-1066.00,"Psychology Teachers, Postsecondary",2,Professionals,Education,100851,28000,5,Post-graduate,0.1,0.06,50,"Teach courses in psychology, such as child, clinical, and developmental psychology, and psychological counseling. Includes both teachers primarily engaged in teaching and those who do a combination of teaching and research."
ONET-25119300,25-1193.00,"Recreation and Fitness Studies Teachers, Postsecondary",2,Professionals,Education,100851,28000,5,Post-graduate,0.1,0.06,50,"Teach courses pertaining to recreation, leisure, and fitness studies, including exercise physiology and facilities management. Includes both teachers primarily engaged in teaching and those who do a combination of teaching and research."
ONET-25203100,25-2031.00,"Secondary School Teachers, Except Special and Career/Technical Education",2,Professionals,Education,100865,28000,4,Bachelor's degree,0.1,0.06,50,Teach one or more subjects to students at the secondary school level.
ONET-41301100,41-3011.00,Advertising Sales Agents,3,Technicians and Associate Professionals,Sales,173913,17000,4,Bachelor's degree,0.5,0.04,50,"Sell or solicit advertising space, time, or media in publications, signage, TV, radio, or Internet establishments or public spaces."
ONET-41201100,41-2011.00,Cashiers,3,Technicians and Associate Professionals,Sales,243478,17000,2,High school/Vocational,0.5,0.04,50,"Receive and disburse money in establishments other than financial institutions. May use electronic scanners, cash registers, or related equipment. May process credit or debit card transactions and validate checks."
ONET-41202100,41-2021.00,Counter and Rental Clerks,3,Technicians and Associate Professionals,Service,173913,17000,2,High school/Vocational,0.35,0.04,50,"Receive orders, generally in person, for repairs, rentals, and services. May describe available options, compute cost, and accept payment."
ONET-39401200,39-4012.00,Crematory Operators,3,Technicians and Associate Professionals,Service,173913,17000,2,High school/Vocational,0.35,0.04,50,"Operate crematory equipment to reduce human or animal remains to bone fragments in accordance with state and local regulations. Duties may include preparing the body for cremation and performing general maintenance on crematory equipment. May use traditional flame-based cremation, calcination, or alkaline hydrolysis."
ONET-33101100,33-1011.00,First-Line Supervisors of Correctional Officers,3,Technicians and Associate Professionals,Service,173913,17000,3,Some college,0.35,0.04,50,Directly supervise and coordinate activities of correctional officers and jailers.
ONET-39101400,39-1014.00,"First-Line Supervisors of Entertainment and Recreation Workers, Except Gambling Services",3,Technicians and Associate Professionals,Service,173913,17000,2,High school/Vocational,0.35,0.04,50,Directly supervise and coordinate activities of entertainment and recreation related workers.
ONET-33102100,33-1021.00,First-Line Supervisors of Firefighting and Prevention Workers,3,Technicians and Associate Professionals,Service,173913,17000,3,Some college,0.35,0.04,50,Directly supervise and coordinate activities of workers engaged in firefighting and fire prevention and control.
ONET-39101300,39-1013.00,First-Line Supervisors of Gambling Services Workers,3,Technicians and Associate Professionals,Service,173913,17000,2,High school/Vocational,0.35,0.04,50,"Directly supervise and coordinate activities of workers in assigned gambling areas. May circulate among tables, observe operations, and ensure that stations and games are covered for each shift. May verify and pay off jackpots. May reset slot machines after payoffs and make repairs or adjustments to slot machines or recommend removal of slot machines for repair. May plan and organize activities and services for guests in hotels/casinos."
ONET-41101200,41-1012.00,First-Line Supervisors of Non-Retail Sales Workers,3,Technicians and Associate Professionals,Sales,173913,17000,4,Bachelor's degree,0.5,0.04,50,"Directly supervise and coordinate activities of sales workers other than retail sales workers. May perform duties such as budgeting, accounting, and personnel work, in addition to supervisory duties."
ONET-39102200,39-1022.00,First-Line Supervisors of Personal Service Workers,3,Technicians and Associate Professionals,Service,173913,17000,3,Some college,0.35,0.04,50,Supervise and coordinate activities of personal service workers.
ONET-33101200,33-1012.00,First-Line Supervisors of Police and Detectives,3,Technicians and Associate Professionals,Protective Service,173913,19000,2,High school/Vocational,0.2,0.04,50,Directly supervise and coordinate activities of members of police force.
ONET-33109900,33-1099.00,"First-Line Supervisors of Protective Service Workers, All Other",3,Technicians and Associate Professionals,Protective Service,173913,19000,3,Some college,0.2,0.04,50,All protective service supervisors not listed separately above.
ONET-41101100,41-1011.00,First-Line Supervisors of Retail Sales Workers,3,Technicians and Associate Professionals,Sales,173913,17000,2,High school/Vocational,0.5,0.04,50,"Directly supervise and coordinate activities of retail sales workers in an establishment or department. Duties may include management functions, such as purchasing, budgeting, accounting, and personnel work, in addition to supervisory duties."
ONET-33109100,33-1091.00,First-Line Supervisors of Security Workers,3,Technicians and Associate Professionals,Engineering Technicians,173913,17000,2,High school/Vocational,0.15,0.04,50,Directly supervise and coordinate activities of security workers and security guards.
ONET-31901100,31-9011.00,Massage Therapists,3,Technicians and Associate Professionals,Service,173913,17000,3,Some college,0.35,0.04,50,"Perform therapeutic massages of soft tissues and joints. May assist in the assessment of range of motion and muscle strength, or propose client therapy plans."
ONET-31202200,31-2022.00,Physical Therapist Aides,3,Technicians and Associate Professionals,Service,173913,17000,2,High school/Vocational,0.35,0.04,50,"Under close supervision of a physical therapist or physical therapy assistant, perform only delegated, selected, or routine tasks in specific situations. These duties include preparing the patient and the treatment area."
ONET-31202100,31-2021.00,Physical Therapist Assistants,3,Technicians and Associate Professionals,Service,173913,17000,3,Some college,0.35,0.04,50,"Assist physical therapists in providing physical therapy treatments and procedures. May, in accordance with state laws, assist in the development of treatment plans, carry out routine functions, document the progress of treatment, and modify specific treatments in accordance with patient status and within the scope of treatment plans established by a physical therapist. Generally requires formal training."
ONET-41903100,41-9031.00,Sales Engineers,3,Technicians and Associate Professionals,Sales,173914,17000,4,Bachelor's degree,0.5,0.04,50,"Sell business goods or services, the selling of which requires a technical background equivalent to a baccalaureate degree in engineering."
ONET-43301100,43-3011.00,Bill and Account Collectors,4,Clerical Support Workers,Office/Admin,227642,20000,2,High school/Vocational,0.1,0.02,50,"Locate and notify customers of delinquent accounts by mail, telephone, or personal visit to solicit payment. Duties include receiving payment and posting amount to customer's account, preparing statements to credit department if customer fails to respond, initiating repossession proceedings or service disconnection, and keeping records of collection and status of accounts."
ONET-43302100,43-3021.00,Billing and Posting Clerks,4,Clerical Support Workers,Office/Admin,227642,20000,3,Some college,0.1,0.02,50,"Compile, compute, and record billing, accounting, statistical, and other numerical data for billing purposes. Prepare billing invoices for services rendered or for delivery or shipment of goods."
ONET-43303100,43-3031.00,"Bookkeeping, Accounting, and Auditing Clerks",4,Clerical Support Workers,Office/Admin,227642,20000,3,Some college,0.1,0.02,50,"Compute, classify, and record numerical data to keep financial records complete. Perform any combination of routine calculating, posting, and verifying duties to obtain primary financial data for use in maintaining accounting records. May also check the accuracy of figures, calculations, and postings pertaining to business transactions recorded by other workers."
ONET-43401100,43-4011.00,Brokerage Clerks,4,Clerical Support Workers,Office/Admin,227642,20000,3,Some college,0.1,0.02,50,"Perform duties related to the purchase, sale, or holding of securities. Duties include writing orders for stock purchases or sales, computing transfer taxes, verifying stock transactions, accepting and delivering securities, tracking stock price fluctuations, computing equity, distributing dividends, and keeping records of daily transactions and holdings."
ONET-43402100,43-4021.00,Correspondence Clerks,4,Clerical Support Workers,Office/Admin,227642,20000,2,High school/Vocational,0.1,0.02,50,"Compose letters or electronic correspondence in reply to requests for merchandise, damage claims, credit and other information, delinquent accounts, incorrect billings, or unsatisfactory services. Duties may include gathering data to formulate reply and preparing correspondence."
ONET-43403100,43-4031.00,"Court, Municipal, and License Clerks",4,Clerical Support Workers,Office/Admin,227642,20000,2,High school/Vocational,0.1,0.02,50,"Perform clerical duties for courts of law, municipalities, or governmental licensing agencies and bureaus. May prepare docket of cases to be called; secure information for judges and court; prepare draft agendas or bylaws for town or city council; answer official correspondence; keep fiscal records and accounts; issue licenses or permits; and record data, administer tests, or collect fees."
ONET-43404100,43-4041.00,"Credit Authorizers, Checkers, and Clerks",4,Clerical Support Workers,Office/Admin,227642,20000,2,High school/Vocational,0.1,0.02,50,"Authorize credit charges against customers' accounts. Investigate history and credit standing of individuals or business establishments applying for credit. May interview applicants to obtain personal and financial data, determine credit worthiness, process applications, and notify customers of acceptance or rejection of credit."
ONET-43407100,43-4071.00,File Clerks,4,Clerical Support Workers,Office/Admin,227642,20000,2,High school/Vocational,0.1,0.02,50,"File correspondence, cards, invoices, receipts, and other records in alphabetical or numerical order or according to the filing system used. Locate and remove material from file when requested."
ONET-43309900,43-3099.00,"Financial Clerks, All Other",4,Clerical Support Workers,Office/Admin,227642,20000,3,Some college,0.1,0.02,50,All financial clerks not listed separately.
ONET-43101100,43-1011.00,First-Line Supervisors of Office and Administrative Support Workers,4,Clerical Support Workers,Office/Admin,227642,20000,3,Some college,0.1,0.02,50,Directly supervise and coordinate the activities of clerical and administrative support workers.
ONET-43414100,43-4141.00,New Accounts Clerks,4,Clerical Support Workers,Office/Admin,227642,20000,3,Some college,0.1,0.02,50,Interview persons desiring to open accounts in financial institutions. Explain account services available to prospective customers and assist them in preparing applications.
ONET-43907100,43-9071.00,"Office Machine Operators, Except Computer",4,Clerical Support Workers,Office/Admin,295938,20000,2,High school/Vocational,0.1,0.02,50,"Operate one or more of a variety of office machines, such as photocopying, photographic, and duplicating machines, or other office machines."
PH-0004,PH-0004,Barangay health workers,5,Service and Sales Workers,Healthcare Professionals,330000,28000,2,High school/Vocational,0.05,0.13,50,"Barangay health workers support local primary care, maternal health, and public health campaigns in communities. They bridge clinics and households through outreach and trust-based engagement. AI can assist records and triage, but community interaction remains the core value."
PH-0008,PH-0008,Hairdressers and beauty workers,5,Service and Sales Workers,Personal Care,780000,15000,3,Some college,0.55,0.13,50,"Beauty workers deliver grooming and cosmetic services in salons, clinics, and home-based setups. Services are manual and personalized, with high customer contact. AI can improve booking and marketing, but direct service tasks remain minimally automatable."
PH-0001,PH-0001,Kasambahay (domestic workers),5,Service and Sales Workers,Service,1600000,14000,1,No formal education,0.35,0.13,50,"Kasambahay provide household cleaning, caregiving, cooking, and errands in private homes. Employment is highly informal and relationship-based, with many workers outside formal contracts. Automation pressure is low in the Philippines due to affordability, trust, and technology deployment barriers."
PH-0002,PH-0002,Tricycle / jeepney drivers,5,Service and Sales Workers,Transportation,950000,20000,2,High school/Vocational,0.45,0.13,50,"Tricycle drivers provide short-distance mobility in towns and barangays where formal transit is limited. The occupation is highly informal and cash-based, with low technology penetration. AI affects matching and pricing only gradually through ride-hailing spillovers."
ONET-35302301,35-3023.01,Baristas,5,Service and Sales Workers,Food Service,227385,16000,2,High school/Vocational,0.5,0.13,50,Prepare or serve specialty coffee or other beverages. Serve food such as baked goods or sandwiches to patrons.
ONET-35301100,35-3011.00,Bartenders,5,Service and Sales Workers,Service,227385,14000,2,High school/Vocational,0.35,0.13,50,"Mix and serve drinks to patrons, directly or through waitstaff."
ONET-35101100,35-1011.00,Chefs and Head Cooks,5,Service and Sales Workers,Food Service,445675,16000,3,Some college,0.5,0.13,50,"Direct and may participate in the preparation, seasoning, and cooking of salads, soups, fish, meats, vegetables, desserts, or other foods. May plan and price menu items, order supplies, and keep records and accounts."
ONET-35201900,35-2019.00,"Cooks, All Other",5,Service and Sales Workers,Food Service,445675,16000,3,Some college,0.5,0.13,50,All cooks not listed separately.
ONET-35201100,35-2011.00,"Cooks, Fast Food",5,Service and Sales Workers,Food Service,445675,16000,2,High school/Vocational,0.5,0.13,50,Prepare and cook food in a fast food restaurant with a limited menu. Duties of these cooks are limited to preparation of a few basic items and normally involve operating large-volume single-purpose cooking equipment.
ONET-35201200,35-2012.00,"Cooks, Institution and Cafeteria",5,Service and Sales Workers,Food Service,445675,16000,2,High school/Vocational,0.5,0.13,50,"Prepare and cook large quantities of food for institutions, such as schools, hospitals, or cafeterias."
ONET-35201300,35-2013.00,"Cooks, Private Household",5,Service and Sales Workers,Food Service,445675,16000,3,Some college,0.5,0.13,50,Prepare meals in private homes. Includes personal chefs.
ONET-35201400,35-2014.00,"Cooks, Restaurant",5,Service and Sales Workers,Food Service,445675,16000,2,High school/Vocational,0.5,0.13,50,"Prepare, season, and cook dishes such as soups, meats, vegetables, or desserts in restaurants. May order supplies, keep records and accounts, price items on menu, or plan menu."
ONET-35201500,35-2015.00,"Cooks, Short Order",5,Service and Sales Workers,Food Service,445675,16000,2,High school/Vocational,0.5,0.13,50,Prepare and cook to order a variety of foods that require only a short preparation time. May take orders from customers and serve patrons at counters or tables.
ONET-35302300,35-3023.00,Fast Food and Counter Workers,5,Service and Sales Workers,Food Service,318340,16000,2,High school/Vocational,0.5,0.13,50,Perform duties such as taking orders and serving food and beverages. Serve customers at counter or from a steam table. May take payment. May prepare food and beverages.
ONET-35101200,35-1012.00,First-Line Supervisors of Food Preparation and Serving Workers,5,Service and Sales Workers,Food Service,318340,16000,2,High school/Vocational,0.5,0.13,50,Directly supervise and coordinate activities of workers engaged in preparing and serving food.
ONET-37101100,37-1011.00,First-Line Supervisors of Housekeeping and Janitorial Workers,5,Service and Sales Workers,Service,318340,14000,2,High school/Vocational,0.35,0.13,50,"Directly supervise and coordinate work activities of cleaning personnel in hotels, hospitals, offices, and other establishments."
ONET-37101200,37-1012.00,"First-Line Supervisors of Landscaping, Lawn Service, and Groundskeeping Workers",5,Service and Sales Workers,Service,227385,14000,3,Some college,0.35,0.13,50,"Directly supervise and coordinate activities of workers engaged in landscaping or groundskeeping activities. Work may involve reviewing contracts to ascertain service, machine, and workforce requirements; answering inquiries from potential customers regarding methods, material, and price ranges; and preparing estimates according to labor, material, and machine costs."
ONET-35202100,35-2021.00,Food Preparation Workers,5,Service and Sales Workers,Food Service,318340,16000,2,High school/Vocational,0.5,0.13,50,"Perform a variety of food preparation duties other than cooking, such as preparing cold foods and shellfish, slicing meat, and brewing coffee or tea."
ONET-35909900,35-9099.00,"Food Preparation and Serving Related Workers, All Other",5,Service and Sales Workers,Food Service,318340,16000,3,Some college,0.5,0.13,50,All food preparation and serving related workers not listed separately.
ONET-35304100,35-3041.00,"Food Servers, Nonrestaurant",5,Service and Sales Workers,Food Service,445675,16000,2,High school/Vocational,0.5,0.13,50,"Serve food to individuals outside of a restaurant environment, such as in hotel rooms, hospital rooms, residential care facilities, or cars."
ONET-37301900,37-3019.00,"Grounds Maintenance Workers, All Other",5,Service and Sales Workers,Service,227385,14000,3,Some college,0.35,0.13,50,All grounds maintenance workers not listed separately.
ONET-37201100,37-2011.00,"Janitors and Cleaners, Except Maids and Housekeeping Cleaners",5,Service and Sales Workers,Service,413841,14000,3,Some college,0.35,0.13,50,"Keep buildings in clean and orderly condition. Perform heavy cleaning duties, such as cleaning floors, shampooing rugs, washing walls and glass, and removing rubbish. Duties may include tending furnace and boiler, performing routine maintenance activities, notifying management of need for repairs, and cleaning snow or debris from sidewalk."
ONET-37201200,37-2012.00,Maids and Housekeeping Cleaners,5,Service and Sales Workers,Service,413841,14000,2,High school/Vocational,0.35,0.13,50,"Perform any combination of light cleaning duties to maintain private households or commercial establishments, such as hotels and hospitals, in a clean and orderly manner. Duties may include making beds, replenishing linens, cleaning rooms and halls, and vacuuming."
ONET-35303100,35-3031.00,Waiters and Waitresses,5,Service and Sales Workers,Food Service,445678,16000,2,High school/Vocational,0.5,0.13,50,Take orders and serve food and beverages to patrons at tables in dining establishment.
PH-0010,PH-0010,Fisherfolk,6,"Skilled Agricultural, Forestry and Fishery Workers",Agricultural,870000,12000,1,No formal education,0.85,0.02,50,"Fishers and aquaculture workers support coastal and inland fisheries that feed local markets. Work is physically demanding and exposed to weather and fuel volatility. AI can aid route and yield planning, but real-world automation remains limited by vessel and infrastructure constraints."
ONET-45209100,45-2091.00,Agricultural Equipment Operators,6,"Skilled Agricultural, Forestry and Fishery Workers",Agricultural,709767,12000,2,High school/Vocational,0.85,0.02,50,"Drive and control equipment to support agricultural activities such as tilling soil; planting, cultivating, and harvesting crops; feeding and herding livestock; or removing animal waste. May perform tasks such as crop baling or hay bucking. May operate stationary equipment to perform post-harvest tasks such as husking, shelling, threshing, and ginning."
ONET-45201100,45-2011.00,Agricultural Inspectors,6,"Skilled Agricultural, Forestry and Fishery Workers",Agricultural,709767,12000,2,High school/Vocational,0.85,0.02,50,"Inspect agricultural commodities, processing equipment, and facilities, and fish and logging operations, to ensure compliance with regulations and laws governing health, quality, and safety."
ONET-45209900,45-2099.00,"Agricultural Workers, All Other",6,"Skilled Agricultural, Forestry and Fishery Workers",Agricultural,709767,12000,3,Some college,0.85,0.02,50,All agricultural workers not listed separately.
ONET-45202100,45-2021.00,Animal Breeders,6,"Skilled Agricultural, Forestry and Fishery Workers",Agricultural,443605,12000,2,High school/Vocational,0.85,0.02,50,"Select and breed animals according to their genealogy, characteristics, and offspring. May require knowledge of artificial insemination techniques and equipment use. May involve keeping records on heats, birth intervals, or pedigree."
ONET-45402100,45-4021.00,Fallers,6,"Skilled Agricultural, Forestry and Fishery Workers",Agricultural,443605,12000,2,High school/Vocational,0.85,0.02,50,Use axes or chainsaws to fell trees using knowledge of tree characteristics and cutting techniques to control direction of fall and minimize tree damage.
ONET-45209200,45-2092.00,"Farmworkers and Laborers, Crop, Nursery, and Greenhouse",6,"Skilled Agricultural, Forestry and Fishery Workers",Agricultural,709767,12000,2,High school/Vocational,0.85,0.02,50,"Manually plant, cultivate, and harvest vegetables, fruits, nuts, horticultural specialties, and field crops. Use hand tools, such as shovels, trowels, hoes, tampers, pruning hooks, shears, and knives. Duties may include tilling soil and applying fertilizers; transplanting, weeding, thinning, or pruning crops; applying pesticides; or cleaning, grading, sorting, packing, and loading harvested products. May construct trellises, repair fences and farm buildings, or participate in irrigation activities."
ONET-45209300,45-2093.00,"Farmworkers, Farm, Ranch, and Aquacultural Animals",6,"Skilled Agricultural, Forestry and Fishery Workers",Agricultural,443605,12000,2,High school/Vocational,0.85,0.02,50,"Attend to live farm, ranch, open range or aquacultural animals that may include cattle, sheep, swine, goats, horses and other equines, poultry, rabbits, finfish, shellfish, and bees. Attend to animals produced for animal products, such as meat, fur, skins, feathers, eggs, milk, and honey. Duties may include feeding, watering, herding, grazing, milking, castrating, branding, de-beaking, weighing, catching, and loading animals. May maintain records on animals; examine animals to detect diseases and injuries; assist in birth deliveries; and administer medications, vaccinations, or insecticides as appropriate. May clean and maintain animal housing areas. Includes workers who shear wool from sheep and collect eggs in hatcheries."
ONET-45101100,45-1011.00,"First-Line Supervisors of Farming, Fishing, and Forestry Workers",6,"Skilled Agricultural, Forestry and Fishery Workers",Agricultural,709767,12000,3,Some college,0.85,0.02,50,"Directly supervise and coordinate the activities of agricultural, forestry, aquacultural, and related workers."
ONET-45303100,45-3031.00,Fishing and Hunting Workers,6,"Skilled Agricultural, Forestry and Fishery Workers",Agricultural,709767,12000,2,High school/Vocational,0.85,0.02,50,"Hunt, trap, catch, or gather wild animals or aquatic animals and plants. May use nets, traps, or other equipment. May haul catch onto ship or other vessel."
ONET-45401100,45-4011.00,Forest and Conservation Workers,6,"Skilled Agricultural, Forestry and Fishery Workers",Agricultural,443605,12000,2,High school/Vocational,0.85,0.02,50,"Under supervision, perform manual labor necessary to develop, maintain, or protect areas such as forests, forested areas, woodlands, wetlands, and rangelands through such activities as raising and transporting seedlings; combating insects, pests, and diseases harmful to plant life; and building structures to control water, erosion, and leaching of soil. Includes forester aides, seedling pullers, tree planters, and gatherers of nontimber forestry products such as pine straw."
ONET-45204100,45-2041.00,"Graders and Sorters, Agricultural Products",6,"Skilled Agricultural, Forestry and Fishery Workers",Agricultural,709767,12000,2,High school/Vocational,0.85,0.02,50,"Grade, sort, or classify unprocessed food and other agricultural products by size, weight, color, or condition."
ONET-45402300,45-4023.00,Log Graders and Scalers,6,"Skilled Agricultural, Forestry and Fishery Workers",Agricultural,443605,12000,2,High school/Vocational,0.85,0.02,50,"Grade logs or estimate the marketable content or value of logs or pulpwood in sorting yards, millpond, log deck, or similar locations. Inspect logs for defects or measure logs to determine volume."
ONET-45402900,45-4029.00,"Logging Workers, All Other",6,"Skilled Agricultural, Forestry and Fishery Workers",Agricultural,443606,12000,3,Some college,0.85,0.02,50,All logging workers not listed separately.
ONET-47203100,47-2031.00,Carpenters,7,Craft and Related Trades Workers,Construction Trades,950000,19000,2,High school/Vocational,0.55,0.15,50,"Construct, erect, install, or repair structures and fixtures made of wood and comparable materials, such as concrete forms; building frameworks, including partitions, joists, studding, and rafters; and wood stairways, window and door frames, and hardwood floors. May also install cabinets, siding, drywall, and batt or roll insulation. Includes brattice builders who build doors or brattices (ventilation walls or partitions) in underground passageways."
ONET-47206100,47-2061.00,Construction Laborers,7,Craft and Related Trades Workers,Construction Trades,2200000,19000,2,High school/Vocational,0.55,0.15,50,"Perform tasks involving physical labor at construction sites. May operate hand and power tools of all types: air hammers, earth tampers, cement mixers, small mechanical hoists, surveying and measuring equipment, and a variety of other equipment and instruments. May clean and prepare sites, dig trenches, set braces to support the sides of excavations, erect scaffolding, and clean up rubble, debris, and other waste materials. May assist other craft workers."
ONET-47211100,47-2111.00,Electricians,7,Craft and Related Trades Workers,Construction Trades,520000,19000,3,Some college,0.55,0.15,50,"Install, maintain, and repair electrical wiring, equipment, and fixtures. Ensure that work is in accordance with relevant codes. May install or service street lights, intercom systems, or electrical control systems."
ONET-49201100,49-2011.00,"Computer, Automated Teller, and Office Machine Repairers",7,Craft and Related Trades Workers,Construction Trades,23451,19000,3,Some college,0.55,0.15,50,"Repair, maintain, or install computers, word processing systems, automated teller machines, and electronic office machines, such as duplicating and fax machines."
ONET-49901200,49-9012.00,"Control and Valve Installers and Repairers, Except Mechanical Door",7,Craft and Related Trades Workers,Construction Trades,23451,19000,3,Some college,0.55,0.15,50,"Install, repair, and maintain mechanical regulating and controlling devices, such as electric meters, gas regulators, thermostats, safety and flow valves, and other mechanical governors."
ONET-47101100,47-1011.00,First-Line Supervisors of Construction Trades and Extraction Workers,7,Craft and Related Trades Workers,Construction Trades,37522,19000,3,Some college,0.55,0.15,50,Directly supervise and coordinate activities of construction or extraction workers.
ONET-49101100,49-1011.00,"First-Line Supervisors of Mechanics, Installers, and Repairers",7,Craft and Related Trades Workers,Construction Trades,23451,19000,3,Some college,0.55,0.15,50,"Directly supervise and coordinate the activities of mechanics, installers, and repairers. May also advise customers on recommended services. Excludes team or work leaders."
ONET-47301200,47-3012.00,Helpers--Carpenters,7,Craft and Related Trades Workers,Construction Trades,56283,19000,2,High school/Vocational,0.55,0.15,50,"Help carpenters by performing duties requiring less skill. Duties include using, supplying, or holding materials or tools, and cleaning work area and equipment."
ONET-47301300,47-3013.00,Helpers--Electricians,7,Craft and Related Trades Workers,Construction Trades,56283,19000,2,High school/Vocational,0.55,0.15,50,"Help electricians by performing duties requiring less skill. Duties include using, supplying, or holding materials or tools, and cleaning work area and equipment."
ONET-49909800,49-9098.00,"Helpers--Installation, Maintenance, and Repair Workers",7,Craft and Related Trades Workers,Construction Trades,23451,19000,2,High school/Vocational,0.55,0.15,50,"Help installation, maintenance, and repair workers in maintenance, parts replacement, and repair of vehicles, industrial machinery, and electrical and electronic equipment. Perform duties such as furnishing tools, materials, and supplies to other workers; cleaning work area, machines, and tools; and holding materials or tools for other workers."
ONET-47301500,47-3015.00,"Helpers--Pipelayers, Plumbers, Pipefitters, and Steamfitters",7,Craft and Related Trades Workers,Construction Trades,56283,19000,2,High school/Vocational,0.55,0.15,50,"Help plumbers, pipefitters, steamfitters, or pipelayers by performing duties requiring less skill. Duties include using, supplying, or holding materials or tools, and cleaning work area and equipment."
ONET-49909900,49-9099.00,"Installation, Maintenance, and Repair Workers, All Other",7,Craft and Related Trades Workers,Construction Trades,23451,19000,3,Some college,0.55,0.15,50,"All installation, maintenance, and repair workers not listed separately."
ONET-49907100,49-9071.00,"Maintenance and Repair Workers, General",7,Craft and Related Trades Workers,Construction Trades,23451,19000,3,Some college,0.55,0.15,50,"Perform work involving the skills of two or more maintenance or craft occupations to keep machines, mechanical equipment, or the structure of a building in repair. Duties may involve pipe fitting; HVAC maintenance; insulating; welding; machining; carpentry; repairing electrical or mechanical equipment; installing, aligning, and balancing new equipment; and repairing buildings, floors, or stairs."
ONET-49901100,49-9011.00,Mechanical Door Repairers,7,Craft and Related Trades Workers,Construction Trades,23451,19000,2,High school/Vocational,0.55,0.15,50,"Install, service, or repair automatic door mechanisms and hydraulic doors. Includes garage door mechanics."
ONET-47207300,47-2073.00,Operating Engineers and Other Construction Equipment Operators,7,Craft and Related Trades Workers,Construction Trades,37522,19000,2,High school/Vocational,0.55,0.15,50,"Operate one or several types of power construction equipment, such as motor graders, bulldozers, scrapers, compressors, pumps, derricks, shovels, tractors, or front-end loaders to excavate, move, and grade earth, erect structures, or pour concrete or other hard surface pavement. May repair and maintain equipment in addition to other duties."
ONET-47207200,47-2072.00,Pile Driver Operators,7,Craft and Related Trades Workers,Installation and Maintenance,42212,14000,2,High school/Vocational,0.55,0.15,50,"Operate pile drivers mounted on skids, barges, crawler treads, or locomotive cranes to drive pilings for retaining walls, bulkheads, and foundations of structures such as buildings, bridges, and piers."
ONET-47215200,47-2152.00,"Plumbers, Pipefitters, and Steamfitters",7,Craft and Related Trades Workers,Construction Trades,56283,19000,3,Some college,0.55,0.15,50,"Assemble, install, alter, and repair pipelines or pipe systems that carry water, steam, air, or other liquids or gases. May install heating and cooling equipment and mechanical control systems. Includes sprinkler fitters."
ONET-47406100,47-4061.00,Rail-Track Laying and Maintenance Equipment Operators,7,Craft and Related Trades Workers,Construction Trades,23455,19000,2,High school/Vocational,0.55,0.15,50,"Lay, repair, and maintain track for standard or narrow-gauge railroad equipment used in regular railroad service or in plant yards, quarries, sand and gravel pits, and mines. Includes ballast cleaning machine operators and railroad bed tamping machine operators."
PH-0003,PH-0003,Delivery riders,8,Plant and Machine Operators and Assemblers,Transportation,620000,20000,2,High school/Vocational,0.45,0.15,50,"Delivery riders handle food, parcel, and e-commerce logistics, often mediated by platform apps. Their work is physical but tightly governed by algorithmic assignment and incentives. AI-driven dispatch, routing, and demand management can significantly reshape earnings and work intensity."
PH-0005,PH-0005,Seafarers / merchant marine,8,Plant and Machine Operators and Assemblers,Transportation,410000,20000,3,Some college,0.45,0.15,50,"Filipino seafarers are a globally significant workforce in international shipping and maritime services. Earnings are relatively high and heavily linked to overseas deployment channels. Automation risk can materialize abroad first through vessel digitization, reducing demand before domestic adjustment occurs."
ONET-53201100,53-2011.00,"Airline Pilots, Copilots, and Flight Engineers",8,Plant and Machine Operators and Assemblers,Transportation,146303,20000,4,Bachelor's degree,0.45,0.15,50,"Pilot and navigate the flight of fixed-wing aircraft, usually on scheduled air carrier routes, for the transport of passengers and cargo. Requires Federal Air Transport certificate and rating for specific aircraft type used. Includes regional, national, and international airline pilots and flight instructors of airline pilots."
ONET-53301100,53-3011.00,"Ambulance Drivers and Attendants, Except Emergency Medical Technicians",8,Plant and Machine Operators and Assemblers,Transportation,263345,20000,2,High school/Vocational,0.45,0.15,50,"Drive ambulance or assist ambulance driver in transporting sick, injured, or convalescent persons. Assist in lifting patients."
ONET-53305100,53-3051.00,"Bus Drivers, School",8,Plant and Machine Operators and Assemblers,Transportation,263345,20000,2,High school/Vocational,0.45,0.15,50,Drive a school bus to transport students. Ensure adherence to safety rules. May assist students in boarding or exiting.
ONET-53305200,53-3052.00,"Bus Drivers, Transit and Intercity",8,Plant and Machine Operators and Assemblers,Transportation,263345,20000,2,High school/Vocational,0.45,0.15,50,"Drive bus or motor coach, including regular route operations, charters, and private carriage. May assist passengers with baggage. May collect fares or tickets."
ONET-51916100,51-9161.00,Computer Numerically Controlled Tool Operators,8,Plant and Machine Operators and Assemblers,Transportation,146303,20000,2,High school/Vocational,0.45,0.15,50,"Operate computer-controlled tools, machines, or robots to machine or process parts, tools, or other work pieces made of metal, plastic, wood, stone, or other materials. May also set up and maintain equipment."
ONET-51916200,51-9162.00,Computer Numerically Controlled Tool Programmers,8,Plant and Machine Operators and Assemblers,Production and Manufacturing,97535,18000,2,High school/Vocational,0.25,0.15,50,"Develop programs to control machining or processing of materials by automatic machine tools, equipment, or systems. May also set up, operate, or maintain equipment."
ONET-53303100,53-3031.00,Driver/Sales Workers,8,Plant and Machine Operators and Assemblers,Transportation,263345,20000,2,High school/Vocational,0.45,0.15,50,"Drive truck or other vehicle over established routes or within an established territory and sell or deliver goods, such as food products, including restaurant take-out items, or pick up or deliver items such as commercial laundry. May also take orders, collect payment, or stock merchandise at point of delivery."
ONET-53104200,53-1042.00,"First-Line Supervisors of Helpers, Laborers, and Material Movers, Hand",8,Plant and Machine Operators and Assemblers,Production and Manufacturing,97535,18000,2,High school/Vocational,0.25,0.15,50,"Directly supervise and coordinate the activities of helpers, laborers, or material movers, hand."
ONET-53104300,53-1043.00,First-Line Supervisors of Material-Moving Machine and Vehicle Operators,8,Plant and Machine Operators and Assemblers,Transportation,146303,20000,3,Some college,0.45,0.15,50,Directly supervise and coordinate activities of material-moving machine and vehicle operators and helpers.
ONET-51309300,51-3093.00,Food Cooking Machine Operators and Tenders,8,Plant and Machine Operators and Assemblers,Transportation,190194,20000,2,High school/Vocational,0.45,0.15,50,"Operate or tend cooking equipment, such as steam cooking vats, deep fry cookers, pressure cookers, kettles, and boilers, to prepare food products."
ONET-51309100,51-3091.00,"Food and Tobacco Roasting, Baking, and Drying Machine Operators and Tenders",8,Plant and Machine Operators and Assemblers,Transportation,190194,20000,2,High school/Vocational,0.45,0.15,50,"Operate or tend food or tobacco roasting, baking, or drying equipment, including hearth ovens, kiln driers, roasters, char kilns, and vacuum drying equipment."
ONET-53303200,53-3032.00,Heavy and Tractor-Trailer Truck Drivers,8,Plant and Machine Operators and Assemblers,Transportation,263345,20000,2,High school/Vocational,0.45,0.15,50,"Drive a tractor-trailer combination or a truck with a capacity of at least 26,001 pounds Gross Vehicle Weight (GVW). May be required to unload truck. Requires commercial drivers' license. Includes tow truck drivers."
ONET-53401300,53-4013.00,"Rail Yard Engineers, Dinkey Operators, and Hostlers",8,Plant and Machine Operators and Assemblers,Transportation,146303,20000,2,High school/Vocational,0.45,0.15,50,"Drive switching or other locomotive or dinkey engines within railroad yard, industrial plant, quarry, construction project, or similar location."
ONET-51802100,51-8021.00,Stationary Engineers and Boiler Operators,8,Plant and Machine Operators and Assemblers,Transportation,146303,20000,3,Some college,0.45,0.15,50,"Operate or maintain stationary engines, boilers, or other mechanical equipment to provide utilities for buildings or industrial processes. Operate equipment such as steam engines, generators, motors, turbines, and steam boilers."
ONET-51412200,51-4122.00,"Welding, Soldering, and Brazing Machine Setters, Operators, and Tenders",8,Plant and Machine Operators and Assemblers,Transportation,146302,20000,2,High school/Vocational,0.45,0.15,50,"Set up, operate, or tend welding, soldering, or brazing machines or robots that weld, braze, solder, or heat treat metal products, components, or assemblies. Includes workers who operate laser cutters or laser-beam machines."
PH-0009,PH-0009,Agricultural farm laborers,9,Elementary Occupations,Agricultural,4200000,12000,1,No formal education,0.85,0.44,50,"Rice and corn farmers are central to rural livelihoods and food supply in the Philippines. Production depends on weather risk, land tenure, and local market access. AI can improve advisory services and input planning, but mechanized autonomy is constrained by farm scale and capital limits."
PH-0006,PH-0006,OFW caregivers,9,Elementary Occupations,Personal Care,1600000,15000,1,No formal education,0.55,0.44,50,"Kasambahay provide household cleaning, caregiving, cooking, and errands in private homes. Employment is highly informal and relationship-based, with many workers outside formal contracts. Automation pressure is low in the Philippines due to affordability, trust, and technology deployment barriers."
PH-0007,PH-0007,Street vendors / market sellers,9,Elementary Occupations,Sales,3000000,17000,1,No formal education,0.5,0.44,50,"Street vendors and market sellers are a major source of urban and peri-urban livelihoods. Transactions are highly informal, cash-heavy, and relationship-driven. AI has limited direct displacement potential, though digital payments and online commerce can gradually shift demand patterns."
